<?xml version="1.0" encoding="UTF-8"?>
<beans
	xmlns="http://www.springframework.org/schema/beans"
	xmlns:xsi="http://www.w3.org/2001/XMLSchema-instance"
	xmlns:p="http://www.springframework.org/scheme/p"
	xsi:schemaLocation="http://www.springframework.org/schema/beans
	http://www.springframework.org/schema/beans/spring-beans-3.0.xsd">
	<bean id="trainBean" class="com.trains.Trains">
		<property name="trainname">
		<value>RajaDhaniExpress</value>
		</property>
		<property name="trainno">
		<value>1001</value>
		</property>
		<property name="trainsource">
		<value>Bangalore</value>
		</property>
		<property name="traindestination">
		<value>Belgavi</value>
		</property>
		<property name="trainticketprice">
		<value>850</value>
		</property>
	
	
	
	</bean>
	
	
	
	</beans>
	