<?xml version="1.0" encoding="UTF-8"?>
<beans
	xmlns="http://www.springframework.org/schema/beans"
	xmlns:xsi="http://www.w3.org/2001/XMLSchema-instance"
	xmlns:p="http://www.springframework.org/scheme/p"
	xsi:schemaLocation="http://www.springframework.org/schema/beans
	http://www.springframework.org/schema/beans/spring-beans-3.0.xsd">
	<bean id="passBean" class="com.example.Passenger">
		<constructor-arg value="Arun" type="String"></constructor-arg>
		<constructor-arg value="22" type="int"></constructor-arg>
		<constructor-arg value="male" type="String"></constructor-arg>
	</bean>
	<bean id="passBeans" class="com.example.Passenger">
		<constructor-arg value="Pragathi" type="String"></constructor-arg>
		<constructor-arg value="23" type="int"></constructor-arg>
		<constructor-arg value="female" type="String"></constructor-arg>
	</bean>

</beans>