<?xml version="1.0" encoding="UTF-8"?>
<beans
	xmlns="http://www.springframework.org/schema/beans"
	xmlns:xsi="http://www.w3.org/2001/XMLSchema-instance"
	xmlns:p="http://www.springframework.org/scheme/p"
	xsi:schemaLocation="http://www.springframework.org/schema/beans
	http://www.springframework.org/schema/beans/spring-beans-3.0.xsd">
	<bean id="userBean" class="com.example.user">
		<property name="username">
		<value>admin</value>
		</property>
		<property name="password">
		<value>admin123</value>
		</property>
	
	</bean>
	
	
	
	</beans>
	